TradingDate,SecurityID,Value
2024.01.02,600001.SH,-0.323375
2024.01.02,600016.SH,-0.598107
2024.01.02,000009.SZ,0.877076
2024.01.02,600002.SH,-0.319545
2024.01.02,600000.SH,-0.758029
2024.01.02,000021.SZ,0.186721
2024.01.02,600013.SH,-0.763141
2024.01.02,000018.SZ,0.279291
2024.01.02,000024.SZ,-0.438152
2024.01.02,000001.SZ,-0.178059
2024.01.02,000023.SZ,-0.25407
2024.01.02,000008.SZ,-0.286079
2024.01.02,600003.SH,-0.128082
2024.01.02,000016.SZ,-0.49081
2024.01.02,000011.SZ,-0.705206
2024.01.02,000014.SZ,-0.13978
2024.01.02,600007.SH,-0.358072
2024.01.02,600023.SH,-0.79868
2024.01.02,000006.SZ,0.147937
2024.01.02,000017.SZ,-0.167371
2024.01.02,600004.SH,-0.70254
2024.01.02,600019.SH,-0.278059
2024.01.02,000010.SZ,-0.231474
2024.01.02,000012.SZ,-0.674591
2024.01.02,600024.SH,1.422009
2024.01.02,600017.SH,-0.163094
2024.01.02,000002.SZ,-0.269159
2024.01.02,600020.SH,1.059242
2024.01.02,600018.SH,0.069093
2024.01.02,600006.SH,0.445173
2024.01.02,600008.SH,-0.11205
2024.01.02,000015.SZ,-0.127082
2024.01.02,600012.SH,-0.586851
2024.01.02,600009.SH,0.175244
2024.01.02,000007.SZ,0.765147
2024.01.02,600014.SH,0.629352
2024.01.02,000025.SZ,-0.764494
2024.01.02,600011.SH,0.770581
2024.01.02,000003.SZ,-0.572888
2024.01.02,000004.SZ,-0.629511
2024.01.02,600015.SH,-0.602131
2024.01.02,600005.SH,-0.354713
2024.01.02,000022.SZ,-1.125537
2024.01.02,000020.SZ,-0.132827
2024.01.02,000019.SZ,-0.288979
2024.01.02,600022.SH,-0.13844
2024.01.02,600010.SH,-0.407199
2024.01.03,600012.SH,-0.044088
2024.01.03,600021.SH,0.299951
2024.01.03,000025.SZ,-0.303777
2024.01.03,600007.SH,0.597366
2024.01.03,600009.SH,-0.215532
2024.01.03,000019.SZ,0.797656
2024.01.03,600014.SH,-0.11854
2024.01.03,600020.SH,0.652844
2024.01.03,000013.SZ,0.422633
2024.01.03,600013.SH,0.509591
2024.01.03,000014.SZ,0.051857
2024.01.03,000010.SZ,-0.245987
2024.01.03,000008.SZ,0.590877
2024.01.03,000024.SZ,0.982695
2024.01.03,000017.SZ,-0.415062
2024.01.03,000002.SZ,0.323899
2024.01.03,600017.SH,0.322001
2024.01.03,000012.SZ,0.169025
2024.01.03,000018.SZ,0.801688
2024.01.03,600019.SH,-0.301651
2024.01.03,600001.SH,0.635307
2024.01.03,600023.SH,-0.052554
2024.01.03,000001.SZ,-1.082108
2024.01.03,600016.SH,-0.642602
2024.01.03,000003.SZ,0.103969
2024.01.03,000015.SZ,0.696165
2024.01.03,000006.SZ,0.626784
2024.01.03,600003.SH,0.13881
2024.01.03,600004.SH,-0.486524
2024.01.03,600024.SH,-0.517675
2024.01.03,600005.SH,0.29639
2024.01.03,000021.SZ,0.064987
2024.01.03,000020.SZ,0.571605
2024.01.03,000011.SZ,-0.079912
2024.01.03,600015.SH,-0.299854
2024.01.03,600010.SH,-0.052978
2024.01.03,000009.SZ,0.079582
2024.01.03,600006.SH,-0.930245
2024.01.03,000004.SZ,0.32259
2024.01.03,600002.SH,0.157475
2024.01.03,600000.SH,0.55964
2024.01.03,600018.SH,0.476126
2024.01.03,000007.SZ,0.627771
2024.01.03,600011.SH,0.926473
2024.01.03,000005.SZ,0.155904
2024.01.03,000023.SZ,-1.0172
2024.01.04,000016.SZ,-0.255917
2024.01.04,600010.SH,0.060255
2024.01.04,000019.SZ,0.49372
2024.01.04,000004.SZ,0.242518
2024.01.04,600003.SH,1.153868
2024.01.04,000021.SZ,0.416091
2024.01.04,000013.SZ,0.453698
2024.01.04,600009.SH,0.468262
2024.01.04,000012.SZ,0.267591
2024.01.04,600016.SH,0.076011
2024.01.04,000001.SZ,0.249561
2024.01.04,000023.SZ,0.31292
2024.01.04,600022.SH,0.171484
2024.01.04,600020.SH,0.826579
2024.01.04,600005.SH,0.775067
2024.01.04,600000.SH,-0.393492
2024.01.04,000007.SZ,0.682926
2024.01.04,600001.SH,0.188902
2024.01.04,600013.SH,0.046019
2024.01.04,000024.SZ,0.553206
2024.01.04,600011.SH,0.340891
2024.01.04,600018.SH,-0.249761
2024.01.04,000011.SZ,0.601943
2024.01.04,000009.SZ,0.155395
2024.01.04,000003.SZ,0.593589
2024.01.04,000025.SZ,0.191249
2024.01.04,000015.SZ,0.600534
2024.01.04,000006.SZ,0.672066
2024.01.04,000008.SZ,0.796376
2024.01.04,000005.SZ,-0.106783
2024.01.04,600021.SH,1.11224
2024.01.04,000020.SZ,0.127537
2024.01.04,600012.SH,-0.400155
2024.01.04,000018.SZ,0.289728
2024.01.04,000022.SZ,0.108819
2024.01.04,600015.SH,-0.093244
2024.01.04,600014.SH,0.224292
2024.01.04,600008.SH,0.574409
2024.01.04,600024.SH,0.366092
2024.01.04,000014.SZ,0.865408
2024.01.04,600017.SH,0.13785
2024.01.04,600002.SH,0.411067
2024.01.04,000017.SZ,0.323099
2024.01.04,600006.SH,1.128483
2024.01.04,000002.SZ,-0.308998
2024.01.04,600007.SH,-0.084148
2024.01.04,600004.SH,1.239343
2024.01.04,600019.SH,0.087461
2024.01.04,000010.SZ,-0.587843
2024.01.05,600017.SH,-0.289668
2024.01.05,000020.SZ,0.184851
2024.01.05,000012.SZ,-0.134859
2024.01.05,000002.SZ,-0.269049
2024.01.05,000010.SZ,0.686349
2024.01.05,600005.SH,0.732873
2024.01.05,000011.SZ,-0.231039
2024.01.05,000005.SZ,-0.878733
2024.01.05,600020.SH,-1.102591
2024.01.05,600024.SH,0.095796
2024.01.05,000019.SZ,0.304129
2024.01.05,000001.SZ,0.00765
2024.01.05,600022.SH,-0.059303
2024.01.05,000021.SZ,-0.42612
2024.01.05,000007.SZ,0.303641
2024.01.05,600007.SH,0.815244
2024.01.05,000003.SZ,-1.132288
2024.01.05,000015.SZ,-0.0626
2024.01.05,000013.SZ,-0.509023
2024.01.05,000018.SZ,-0.769082
2024.01.05,000022.SZ,-0.588837
2024.01.05,000014.SZ,0.165987
2024.01.05,000025.SZ,0.178632
2024.01.05,600018.SH,0.706295
2024.01.05,600011.SH,-0.019458
2024.01.05,600023.SH,-0.90296
2024.01.05,600006.SH,-0.142934
2024.01.05,000024.SZ,-0.717039
2024.01.05,000008.SZ,-0.627247
2024.01.05,600010.SH,0.26643
2024.01.05,600014.SH,0.073241
2024.01.05,600003.SH,0.269934
2024.01.05,600008.SH,-0.202596
2024.01.05,000023.SZ,0.371416
2024.01.05,000016.SZ,-0.230551
2024.01.05,000004.SZ,0.534492
2024.01.05,600016.SH,0.14847
2024.01.05,600009.SH,-0.127348
2024.01.05,600001.SH,0.082197
2024.01.05,000009.SZ,-0.032779
2024.01.05,600002.SH,0.774204
2024.01.05,600019.SH,0.09887
2024.01.05,000017.SZ,-0.024655
2024.01.08,000010.SZ,0.084142
2024.01.08,600019.SH,-0.727888
2024.01.08,000006.SZ,-0.215064
2024.01.08,600023.SH,0.405283
2024.01.08,600003.SH,-0.540739
2024.01.08,000020.SZ,-0.131685
2024.01.08,000013.SZ,-0.138236
2024.01.08,000023.SZ,-0.410472
2024.01.08,000005.SZ,0.390854
2024.01.08,600009.SH,0.129204
2024.01.08,600011.SH,0.332779
2024.01.08,000001.SZ,0.407477
2024.01.08,600024.SH,-0.102752
2024.01.08,600007.SH,0.668717
2024.01.08,000012.SZ,-0.726505
2024.01.08,000011.SZ,-0.193321
2024.01.08,600017.SH,-0.043788
2024.01.08,600004.SH,-0.987906
2024.01.08,000009.SZ,0.58915
2024.01.08,600002.SH,-0.552499
2024.01.08,000014.SZ,-0.084244
2024.01.08,600006.SH,0.259148
2024.01.08,600016.SH,1.040823
2024.01.08,000015.SZ,-0.950721
2024.01.08,000022.SZ,0.179924
2024.01.08,000003.SZ,-0.256228
2024.01.08,600001.SH,0.205718
2024.01.08,600014.SH,0.350453
2024.01.08,600010.SH,0.090851
2024.01.08,000007.SZ,-0.07858
2024.01.08,600015.SH,-0.646751
2024.01.08,600018.SH,-0.611243
2024.01.08,600008.SH,0.284523
2024.01.08,000018.SZ,-0.547849
2024.01.08,000008.SZ,0.094441
2024.01.08,000025.SZ,0.532869
2024.01.08,000019.SZ,-0.767142
2024.01.08,600013.SH,0.534672
2024.01.08,000004.SZ,0.517543
2024.01.08,600021.SH,0.053021
2024.01.08,600022.SH,-0.425931
2024.01.08,600012.SH,0.147822
2024.01.08,000021.SZ,-0.207264
2024.01.08,000016.SZ,-0.472308
2024.01.08,600005.SH,-0.049149
2024.01.08,000024.SZ,-0.556133
2024.01.09,000024.SZ,0.007444
2024.01.09,600009.SH,-0.117866
2024.01.09,000004.SZ,0.879003
2024.01.09,000022.SZ,-0.267749
2024.01.09,600008.SH,0.100058
2024.01.09,000002.SZ,1.118193
2024.01.09,600018.SH,0.359565
2024.01.09,000023.SZ,0.376874
2024.01.09,600005.SH,0.228476
2024.01.09,000021.SZ,0.767918
2024.01.09,600019.SH,0.4811
2024.01.09,600016.SH,1.205846
2024.01.09,000007.SZ,1.260407
2024.01.09,600020.SH,0.435933
2024.01.09,600024.SH,0.260462
2024.01.09,600022.SH,0.360885
2024.01.09,600006.SH,-0.00414
2024.01.09,000020.SZ,0.345947
2024.01.09,600007.SH,-0.441972
2024.01.09,600014.SH,-0.076962
2024.01.09,000005.SZ,0.672318
2024.01.09,600010.SH,0.548102
2024.01.09,000008.SZ,0.21543
2024.01.09,000016.SZ,0.488521
2024.01.09,000018.SZ,1.032153
2024.01.09,000019.SZ,0.086268
2024.01.09,600023.SH,-0.438526
2024.01.09,600017.SH,0.592678
2024.01.09,600002.SH,0.547202
2024.01.09,000003.SZ,0.658923
2024.01.09,600003.SH,-0.319535
2024.01.09,000015.SZ,-0.471046
2024.01.09,000006.SZ,0.411545
2024.01.09,000017.SZ,0.376548
2024.01.09,000025.SZ,0.100486
2024.01.09,600000.SH,1.002446
2024.01.09,000009.SZ,0.27413
2024.01.09,600011.SH,0.894586
2024.01.09,600013.SH,0.718184
2024.01.09,600001.SH,-0.265877
2024.01.09,000001.SZ,-0.164391
2024.01.09,000011.SZ,-0.362031
2024.01.09,600012.SH,0.494706
2024.01.09,600021.SH,0.328129
2024.01.09,000013.SZ,0.954122
2024.01.09,600015.SH,0.576616
2024.01.09,600004.SH,-0.369906
2024.01.09,000014.SZ,0.048045
2024.01.09,000012.SZ,-0.776143
2024.01.09,000010.SZ,0.425761
2024.01.10,000017.SZ,0.315469
2024.01.10,600017.SH,0.275858
2024.01.10,000010.SZ,0.104598
2024.01.10,600012.SH,0.380611
2024.01.10,600015.SH,0.670658
2024.01.10,000025.SZ,-0.294032
2024.01.10,000005.SZ,-0.536405
2024.01.10,600011.SH,-0.03536
2024.01.10,000012.SZ,-1.175093
2024.01.10,600004.SH,0.032459
2024.01.10,000015.SZ,0.781975
2024.01.10,600023.SH,-0.644583
2024.01.10,000020.SZ,-0.141695
2024.01.10,600002.SH,-0.501209
2024.01.10,000018.SZ,0.265504
2024.01.10,600003.SH,0.385564
2024.01.10,000009.SZ,0.077861
2024.01.10,000013.SZ,-0.275275
2024.01.10,600007.SH,0.162282
2024.01.10,000019.SZ,0.685779
2024.01.10,000021.SZ,0.511989
2024.01.10,600020.SH,-0.136286
2024.01.10,000023.SZ,-0.09494
2024.01.10,000014.SZ,-0.108712
2024.01.10,000006.SZ,0.312361
2024.01.10,000024.SZ,-0.623781
2024.01.10,600018.SH,0.338492
2024.01.10,600009.SH,-0.203555
2024.01.10,000022.SZ,-0.065328
2024.01.10,600010.SH,-0.298191
2024.01.10,000007.SZ,0.432786
2024.01.10,600006.SH,-0.229215
2024.01.10,600022.SH,-0.41254
2024.01.10,600021.SH,-0.222423
2024.01.10,600016.SH,-0.473919
2024.01.10,600024.SH,0.497994
2024.01.10,600019.SH,-0.484234
2024.01.10,000002.SZ,0.04552
2024.01.10,000001.SZ,-0.25817
2024.01.10,600013.SH,0.851419
2024.01.10,000008.SZ,0.278625
2024.01.10,600008.SH,-0.247467
2024.01.10,600005.SH,0.152919
2024.01.10,600000.SH,-0.387545
2024.01.11,600008.SH,0.084874
2024.01.11,000005.SZ,-0.783679
2024.01.11,000011.SZ,0.771031
2024.01.11,000018.SZ,0.61667
2024.01.11,000009.SZ,0.353998
2024.01.11,000025.SZ,-0.33713
2024.01.11,600000.SH,-1.257478
2024.01.11,000020.SZ,0.383359
2024.01.11,000019.SZ,0.184363
2024.01.11,600011.SH,-0.186311
2024.01.11,600002.SH,0.563423
2024.01.11,600022.SH,0.425019
2024.01.11,600021.SH,0.089068
2024.01.11,600024.SH,0.018549
2024.01.11,000021.SZ,0.026504
2024.01.11,000023.SZ,0.34099
2024.01.11,000017.SZ,-0.427718
2024.01.11,600018.SH,0.214011
2024.01.11,600019.SH,-0.459276
2024.01.11,600017.SH,0.669297
2024.01.11,600004.SH,0.267084
2024.01.11,000013.SZ,-0.343094
2024.01.11,600012.SH,0.041318
2024.01.11,600007.SH,-0.425873
2024.01.11,000002.SZ,0.753076
2024.01.11,000006.SZ,0.812458
2024.01.11,600005.SH,0.349132
2024.01.11,600001.SH,0.779348
2024.01.11,000003.SZ,0.076918
2024.01.11,000016.SZ,0.382776
2024.01.11,000001.SZ,0.613382
2024.01.11,000012.SZ,-0.001852
2024.01.11,000007.SZ,0.036572
2024.01.11,600006.SH,0.467848
2024.01.11,000014.SZ,0.324269
2024.01.11,600009.SH,-0.376711
2024.01.11,600003.SH,-1.092395
2024.01.11,600015.SH,-0.086744
2024.01.11,000015.SZ,-1.047437
2024.01.11,600013.SH,-0.494489
2024.01.11,000008.SZ,-0.436124
2024.01.11,000004.SZ,-0.283301
2024.01.11,000010.SZ,0.411239
2024.01.11,000022.SZ,0.51986
2024.01.11,600016.SH,0.25539
2024.01.11,600023.SH,0.317273
2024.01.11,600010.SH,0.32908
2024.01.11,600014.SH,-1.247395
2024.01.12,600021.SH,1.063521
2024.01.12,600004.SH,0.306026
2024.01.12,000009.SZ,-0.853478
2024.01.12,600023.SH,-0.243476
2024.01.12,600022.SH,0.478867
2024.01.12,600018.SH,-0.01318
2024.01.12,000014.SZ,-0.177337
2024.01.12,000022.SZ,-0.261512
2024.01.12,600001.SH,-0.386289
2024.01.12,600017.SH,0.201006
2024.01.12,000007.SZ,-0.258847
2024.01.12,600008.SH,0.746104
2024.01.12,000021.SZ,-0.340744
2024.01.12,600014.SH,-0.577482
2024.01.12,600006.SH,0.064195
2024.01.12,600009.SH,-0.944107
2024.01.12,600019.SH,-1.129349
2024.01.12,000024.SZ,0.386023
2024.01.12,600016.SH,0.101048
2024.01.12,600015.SH,-0.969456
2024.01.12,000002.SZ,0.11912
2024.01.12,000011.SZ,-0.072163
2024.01.12,600020.SH,-0.687927
2024.01.12,000012.SZ,0.439318
2024.01.12,600007.SH,0.832956
2024.01.12,600003.SH,1.036194
2024.01.12,600024.SH,0.237142
2024.01.12,000010.SZ,0.084919
2024.01.12,600005.SH,0.960804
2024.01.12,600011.SH,0.199873
2024.01.12,000004.SZ,-0.096622
2024.01.12,000018.SZ,-0.254261
2024.01.12,000016.SZ,0.350577
2024.01.12,000023.SZ,-0.744613
2024.01.12,000001.SZ,0.6535
2024.01.12,000015.SZ,-0.621665
2024.01.12,000008.SZ,-0.350183
2024.01.12,600000.SH,0.228299
2024.01.12,600002.SH,0.94651
2024.01.12,000003.SZ,-0.060597
2024.01.12,000025.SZ,-0.451705
2024.01.12,000019.SZ,0.607431
2024.01.12,000006.SZ,-0.14676
2024.01.12,000017.SZ,-0.765891
2024.01.12,600012.SH,0.376767
2024.01.12,600013.SH,-0.037406
2024.01.12,000013.SZ,-0.048291
2024.01.15,600006.SH,0.267055
2024.01.15,600022.SH,0.698082
2024.01.15,600005.SH,-0.52292
2024.01.15,600021.SH,-0.227111
2024.01.15,000024.SZ,0.177777
2024.01.15,600013.SH,0.705996
2024.01.15,000019.SZ,0.549583
2024.01.15,000001.SZ,0.803662
2024.01.15,000007.SZ,0.724115
2024.01.15,000003.SZ,0.442812
2024.01.15,600024.SH,0.130134
2024.01.15,600014.SH,-0.504025
2024.01.15,600016.SH,-1.018853
2024.01.15,000013.SZ,0.115617
2024.01.15,600004.SH,0.454772
2024.01.15,000025.SZ,-1.30868
2024.01.15,600011.SH,-0.533614
2024.01.15,000015.SZ,-0.454815
2024.01.15,000022.SZ,-0.040357
2024.01.15,000014.SZ,0.105058
2024.01.15,600002.SH,0.594168
2024.01.15,600023.SH,-0.604504
2024.01.15,000016.SZ,0.225561
2024.01.15,000012.SZ,-0.640094
2024.01.15,600012.SH,0.471336
2024.01.15,600008.SH,-0.187371
2024.01.15,600017.SH,-0.552625
2024.01.15,600007.SH,-0.282681
2024.01.15,000004.SZ,-0.504223
2024.01.15,600010.SH,0.099526
2024.01.15,000006.SZ,0.365481
2024.01.15,000010.SZ,0.56906
2024.01.15,000021.SZ,-0.205975
2024.01.15,600015.SH,0.747424
2024.01.15,000002.SZ,0.041265
2024.01.15,600001.SH,0.686009
2024.01.15,000008.SZ,-0.025183
2024.01.15,000011.SZ,-0.062033
2024.01.15,600003.SH,0.342664
2024.01.15,000018.SZ,0.207425
2024.01.15,600018.SH,-0.223594
2024.01.15,000009.SZ,0.63108
2024.01.15,000005.SZ,-0.424898
2024.01.15,000023.SZ,0.342668
2024.01.16,000005.SZ,0.540248
2024.01.16,000008.SZ,-0.062003
2024.01.16,000015.SZ,0.022845
2024.01.16,600016.SH,0.057664
2024.01.16,600008.SH,-0.120025
2024.01.16,000017.SZ,0.55086
2024.01.16,000004.SZ,0.500607
2024.01.16,600012.SH,0.551736
2024.01.16,000013.SZ,-0.485387
2024.01.16,000007.SZ,0.370276
2024.01.16,600015.SH,0.810838
2024.01.16,000025.SZ,0.567658
2024.01.16,600024.SH,-0.248875
2024.01.16,600020.SH,-0.157953
2024.01.16,600018.SH,-0.776952
2024.01.16,600021.SH,0.650899
2024.01.16,000019.SZ,-0.480383
2024.01.16,600022.SH,-0.231632
2024.01.16,600009.SH,0.287398
2024.01.16,000011.SZ,0.080209
2024.01.16,600004.SH,0.190207
2024.01.16,600013.SH,-0.280199
2024.01.16,000018.SZ,-0.62142
2024.01.16,000020.SZ,0.116023
2024.01.16,600000.SH,-0.43226
2024.01.16,000023.SZ,0.268174
2024.01.16,600014.SH,-0.437872
2024.01.16,600011.SH,-0.066783
2024.01.16,600023.SH,0.865939
2024.01.16,600007.SH,0.117121
2024.01.16,600003.SH,-0.391991
2024.01.16,000022.SZ,0.2575
2024.01.16,000001.SZ,-0.062973
2024.01.16,000016.SZ,-0.386361
2024.01.16,600002.SH,0.020125
2024.01.16,600005.SH,0.628041
2024.01.16,600019.SH,0.309944
2024.01.16,000010.SZ,-0.083042
2024.01.16,600001.SH,-0.598456
2024.01.16,600017.SH,0.375118
2024.01.16,000014.SZ,0.24694
2024.01.16,000024.SZ,-0.805266
2024.01.16,000012.SZ,-0.732792
2024.01.16,000009.SZ,0.794311
2024.01.16,000002.SZ,0.167981
2024.01.16,000006.SZ,-0.68822
2024.01.16,000021.SZ,0.576382
2024.01.16,600010.SH,0.616218
2024.01.16,600006.SH,-0.346948
2024.01.16,000003.SZ,-0.453369
2024.01.17,600006.SH,-0.216548
2024.01.17,000025.SZ,-0.004882
2024.01.17,000019.SZ,-0.422959
2024.01.17,600022.SH,-0.216
2024.01.17,600021.SH,0.081385
2024.01.17,000015.SZ,-0.547095
2024.01.17,000001.SZ,0.42907
2024.01.17,000006.SZ,0.477149
2024.01.17,600009.SH,0.187655
2024.01.17,000008.SZ,-0.080653
2024.01.17,600018.SH,-1.610892
2024.01.17,600017.SH,0.096555
2024.01.17,000007.SZ,-0.311256
2024.01.17,600012.SH,-0.238728
2024.01.17,000022.SZ,-1.06428
2024.01.17,000004.SZ,0.131203
2024.01.17,600013.SH,-0.839882
2024.01.17,600007.SH,-0.056379
2024.01.17,600001.SH,0.336738
2024.01.17,600024.SH,-0.350255
2024.01.17,600010.SH,0.492435
2024.01.17,000003.SZ,-0.489086
2024.01.17,600020.SH,0.184626
2024.01.17,000010.SZ,-0.767984
2024.01.17,600019.SH,0.399974
2024.01.17,000005.SZ,0.322404
2024.01.17,600011.SH,0.118588
2024.01.17,600023.SH,-0.312233
2024.01.17,000024.SZ,-0.816591
2024.01.17,600016.SH,-0.310911
2024.01.17,600000.SH,0.439563
2024.01.17,000012.SZ,-0.05061
2024.01.17,000002.SZ,-0.892109
2024.01.17,000014.SZ,-0.677955
2024.01.17,000023.SZ,0.510985
2024.01.17,000013.SZ,0.128365
2024.01.17,600003.SH,-0.732591
2024.01.17,600014.SH,-0.998507
2024.01.17,000016.SZ,-0.428112
2024.01.17,600005.SH,-1.04127
2024.01.17,000009.SZ,-0.193508
2024.01.17,600002.SH,1.110222
2024.01.17,600015.SH,-0.914069
2024.01.17,600008.SH,-0.208604
2024.01.17,000020.SZ,0.540372
2024.01.17,000018.SZ,0.258953
2024.01.17,600004.SH,-0.189961
2024.01.17,000011.SZ,-0.188765
2024.01.18,000005.SZ,-0.268736
2024.01.18,000004.SZ,-0.61192
2024.01.18,000017.SZ,-0.339616
2024.01.18,600022.SH,0.610837
2024.01.18,000018.SZ,-0.806739
2024.01.18,000019.SZ,0.515232
2024.01.18,600005.SH,-0.122843
2024.01.18,600011.SH,-0.797704
2024.01.18,000021.SZ,0.261165
2024.01.18,000016.SZ,-0.49071
2024.01.18,000010.SZ,-0.088015
2024.01.18,000009.SZ,-1.053577
2024.01.18,000007.SZ,0.537762
2024.01.18,000013.SZ,-0.281958
2024.01.18,600019.SH,-0.441633
2024.01.18,600016.SH,-0.039234
2024.01.18,600001.SH,0.307763
2024.01.18,000008.SZ,-0.229325
2024.01.18,000022.SZ,0.291962
2024.01.18,600012.SH,-0.14779
2024.01.18,000003.SZ,-0.090837
2024.01.18,000006.SZ,-0.535259
2024.01.18,000024.SZ,0.393426
2024.01.18,600009.SH,0.200281
2024.01.18,600006.SH,0.139597
2024.01.18,600021.SH,0.398531
2024.01.18,000015.SZ,-0.659557
2024.01.18,000012.SZ,-0.099323
2024.01.18,600013.SH,0.419455
2024.01.18,600023.SH,-0.152457
2024.01.18,000011.SZ,-0.061081
2024.01.18,000023.SZ,-0.07536
2024.01.18,600015.SH,0.101547
2024.01.18,000025.SZ,-1.096668
2024.01.18,600010.SH,-0.07538
2024.01.18,000001.SZ,0.063573
2024.01.18,600014.SH,0.061449
2024.01.18,600000.SH,0.665198
2024.01.18,600004.SH,-0.427329
2024.01.18,000020.SZ,0.688999
2024.01.18,600007.SH,-0.316295
2024.01.19,000007.SZ,0.793321
2024.01.19,000004.SZ,-0.526305
2024.01.19,600016.SH,-0.477514
2024.01.19,000012.SZ,0.943714
2024.01.19,600023.SH,0.188769
2024.01.19,000022.SZ,-0.195275
2024.01.19,000024.SZ,-0.012552
2024.01.19,000008.SZ,0.183317
2024.01.19,000020.SZ,-0.056172
2024.01.19,600005.SH,0.71547
2024.01.19,000011.SZ,0.09002
2024.01.19,000006.SZ,0.372409
2024.01.19,600010.SH,0.082213
2024.01.19,000023.SZ,0.021881
2024.01.19,600011.SH,0.487033
2024.01.19,600014.SH,0.497516
2024.01.19,600024.SH,-0.776231
2024.01.19,600006.SH,0.030916
2024.01.19,000015.SZ,1.06541
2024.01.19,600013.SH,-0.182526
2024.01.19,000005.SZ,0.267589
2024.01.19,000010.SZ,0.664185
2024.01.19,000019.SZ,-0.513517
2024.01.19,000016.SZ,-0.146084
2024.01.19,600021.SH,-0.745388
2024.01.19,600020.SH,0.092785
2024.01.19,600008.SH,0.232971
2024.01.19,600003.SH,0.362282
2024.01.19,600001.SH,0.827443
2024.01.19,000001.SZ,0.07231
2024.01.19,600017.SH,-0.535756
2024.01.19,000003.SZ,-0.399914
2024.01.19,600004.SH,-0.340584
2024.01.19,000009.SZ,0.1444
2024.01.19,000014.SZ,1.215542
2024.01.19,000018.SZ,0.004534
2024.01.19,600007.SH,0.727583
2024.01.19,600022.SH,-0.016471
2024.01.19,600009.SH,-0.540224
2024.01.19,600000.SH,-0.367637
2024.01.19,600002.SH,-0.323987
2024.01.19,000025.SZ,-0.020569
2024.01.22,600014.SH,-1.218154
2024.01.22,000008.SZ,-1.022717
2024.01.22,000016.SZ,0.125226
2024.01.22,600005.SH,0.343481
2024.01.22,000003.SZ,-0.558778
2024.01.22,600008.SH,0.651107
2024.01.22,600012.SH,0.863947
2024.01.22,600015.SH,0.507167
2024.01.22,600018.SH,0.090835
2024.01.22,000018.SZ,0.257323
2024.01.22,600021.SH,0.160633
2024.01.22,600011.SH,0.211185
2024.01.22,600001.SH,-0.407879
2024.01.22,000024.SZ,-0.08211
2024.01.22,000013.SZ,0.133984
2024.01.22,600017.SH,0.272769
2024.01.22,600022.SH,0.398968
2024.01.22,600020.SH,-0.395028
2024.01.22,000009.SZ,0.017807
2024.01.22,000005.SZ,-0.030021
2024.01.22,600007.SH,1.08394
2024.01.22,600019.SH,0.229075
2024.01.22,000002.SZ,0.441074
2024.01.22,000007.SZ,0.602431
2024.01.22,000011.SZ,0.531104
2024.01.22,600009.SH,-0.913081
2024.01.22,000001.SZ,0.01508
2024.01.22,000004.SZ,0.44319
2024.01.22,600010.SH,0.169269
2024.01.22,000006.SZ,-0.729797
2024.01.22,000020.SZ,-0.41752
2024.01.22,000022.SZ,-0.339721
2024.01.22,600003.SH,0.26831
2024.01.22,600006.SH,0.221267
2024.01.22,600016.SH,0.866113
2024.01.22,600004.SH,0.110503
2024.01.22,000021.SZ,0.205976
2024.01.22,000015.SZ,-0.564291
2024.01.22,600023.SH,0.02628
2024.01.22,000014.SZ,1.240887
2024.01.22,000023.SZ,0.27525
2024.01.22,000019.SZ,-0.175749
2024.01.22,000012.SZ,0.311961
2024.01.23,000018.SZ,0.184275
2024.01.23,600020.SH,-0.320067
2024.01.23,000016.SZ,0.010272
2024.01.23,600024.SH,-1.06815
2024.01.23,600016.SH,-0.370846
2024.01.23,000024.SZ,0.674002
2024.01.23,000011.SZ,0.134777
2024.01.23,000014.SZ,-0.456535
2024.01.23,000002.SZ,-0.675307
2024.01.23,600022.SH,1.202861
2024.01.23,600004.SH,-0.409213
2024.01.23,000013.SZ,-0.307204
2024.01.23,600011.SH,0.241189
2024.01.23,000019.SZ,-0.473847
2024.01.23,000012.SZ,0.129737
2024.01.23,000001.SZ,-0.044254
2024.01.23,600002.SH,-0.644794
2024.01.23,000025.SZ,-0.033377
2024.01.23,000015.SZ,0.104707
2024.01.23,600006.SH,-0.586989
2024.01.23,000022.SZ,0.202074
2024.01.23,600014.SH,0.290101
2024.01.23,600003.SH,-0.569724
2024.01.23,600018.SH,0.184279
2024.01.23,600021.SH,0.056533
2024.01.23,600012.SH,-0.230237
2024.01.23,600013.SH,-0.188004
2024.01.23,600015.SH,0.13887
2024.01.23,600010.SH,-0.3537
2024.01.23,000009.SZ,0.23075
2024.01.23,600008.SH,-0.459411
2024.01.23,600005.SH,-0.422902
2024.01.23,000005.SZ,-0.701245
2024.01.23,000017.SZ,-0.918355
2024.01.23,000020.SZ,0.017162
2024.01.23,000008.SZ,-1.036206
2024.01.23,600019.SH,0.105133
2024.01.23,000004.SZ,-0.100826
2024.01.23,600007.SH,0.884657
2024.01.23,600023.SH,0.245268
2024.01.23,000007.SZ,0.196763
2024.01.23,600009.SH,-0.394875
2024.01.23,600017.SH,-0.340564
2024.01.23,000003.SZ,-0.268753
2024.01.23,600000.SH,-0.076109
2024.01.24,600012.SH,-0.343522
2024.01.24,000016.SZ,0.027155
2024.01.24,000005.SZ,-0.022453
2024.01.24,600018.SH,0.117578
2024.01.24,600019.SH,0.039803
2024.01.24,600011.SH,-0.355657
2024.01.24,600000.SH,0.442727
2024.01.24,000025.SZ,-0.390624
2024.01.24,600009.SH,0.070112
2024.01.24,000017.SZ,0.130527
2024.01.24,000012.SZ,-0.651964
2024.01.24,600016.SH,0.65392
2024.01.24,600004.SH,-0.1475
2024.01.24,600007.SH,-0.623819
2024.01.24,600022.SH,-0.126811
2024.01.24,000018.SZ,-0.614242
2024.01.24,600020.SH,-0.416972
2024.01.24,600005.SH,-0.426748
2024.01.24,000006.SZ,-0.194909
2024.01.24,000020.SZ,0.555392
2024.01.24,000004.SZ,-0.073811
2024.01.24,600021.SH,-0.044786
2024.01.24,000009.SZ,-0.365494
2024.01.24,000019.SZ,0.01467
2024.01.24,600015.SH,-0.143536
2024.01.24,000003.SZ,-0.168895
2024.01.24,000024.SZ,0.226541
2024.01.24,600003.SH,-0.597744
2024.01.24,000001.SZ,0.506247
2024.01.24,000010.SZ,-1.474824
2024.01.24,600017.SH,-0.173538
2024.01.24,600010.SH,0.552367
2024.01.24,600014.SH,0.476374
2024.01.24,000013.SZ,-0.047807
2024.01.24,000014.SZ,-0.531953
2024.01.24,000022.SZ,-0.193695
2024.01.24,000007.SZ,1.168746
2024.01.24,600013.SH,0.227388
2024.01.24,600006.SH,-0.977269
2024.01.24,600024.SH,-0.085536
2024.01.24,000011.SZ,-0.426296
2024.01.25,600016.SH,0.013389
2024.01.25,000016.SZ,0.543219
2024.01.25,600012.SH,-0.992566
2024.01.25,000003.SZ,-0.645682
2024.01.25,000014.SZ,0.245672
2024.01.25,000008.SZ,-1.085089
2024.01.25,000010.SZ,-0.345709
2024.01.25,000022.SZ,1.203004
2024.01.25,600020.SH,-0.123153
2024.01.25,600008.SH,0.365416
2024.01.25,000018.SZ,-0.825159
2024.01.25,600015.SH,0.365757
2024.01.25,000012.SZ,-0.172925
2024.01.25,600023.SH,0.160376
2024.01.25,600022.SH,0.294113
2024.01.25,000004.SZ,-0.241524
2024.01.25,000013.SZ,0.25908
2024.01.25,600006.SH,-0.544637
2024.01.25,000015.SZ,0.042637
2024.01.25,000020.SZ,0.275725
2024.01.25,600019.SH,-0.254009
2024.01.25,600017.SH,-0.465664
2024.01.25,000023.SZ,-0.212392
2024.01.25,000002.SZ,0.560803
2024.01.25,000024.SZ,0.48413
2024.01.25,000001.SZ,0.396113
2024.01.25,600004.SH,0.784626
2024.01.25,600014.SH,0.033859
2024.01.25,600003.SH,0.118657
2024.01.25,600007.SH,-0.965772
2024.01.25,600024.SH,-0.424299
2024.01.25,000005.SZ,0.286447
2024.01.25,600010.SH,0.464821
2024.01.25,600000.SH,-0.615668
2024.01.25,000017.SZ,-0.015834
2024.01.25,600018.SH,1.110418
2024.01.25,000025.SZ,-0.013148
2024.01.25,600011.SH,0.753128
2024.01.25,000007.SZ,0.204355
2024.01.25,600005.SH,0.311395
2024.01.25,000021.SZ,-0.424029
2024.01.25,600013.SH,-0.773765
2024.01.25,000019.SZ,0.391914
2024.01.26,000018.SZ,-0.602062
2024.01.26,600013.SH,0.262776
2024.01.26,600018.SH,1.043434
2024.01.26,600012.SH,0.917945
2024.01.26,000014.SZ,-0.037582
2024.01.26,600005.SH,-0.392567
2024.01.26,600020.SH,-0.971943
2024.01.26,000019.SZ,-0.206402
2024.01.26,600008.SH,-0.453098
2024.01.26,000015.SZ,-0.365654
2024.01.26,000011.SZ,-0.813106
2024.01.26,000024.SZ,0.354356
2024.01.26,600001.SH,0.257595
2024.01.26,600009.SH,-0.454754
2024.01.26,600021.SH,0.430909
2024.01.26,000023.SZ,0.03279
2024.01.26,600004.SH,0.268094
2024.01.26,000009.SZ,0.390036
2024.01.26,600007.SH,0.185477
2024.01.26,600003.SH,-0.407323
2024.01.26,600017.SH,0.527634
2024.01.26,600000.SH,0.389352
2024.01.26,000012.SZ,0.39666
2024.01.26,000013.SZ,-0.661674
2024.01.26,000003.SZ,-0.730492
2024.01.26,600023.SH,0.759405
2024.01.26,000002.SZ,-0.316065
2024.01.26,600024.SH,0.129199
2024.01.26,600010.SH,0.606167
2024.01.26,000022.SZ,0.819466
2024.01.26,000016.SZ,0.290051
2024.01.26,000010.SZ,-0.258072
2024.01.26,000006.SZ,-0.14034
2024.01.26,600002.SH,0.188331
2024.01.26,000017.SZ,0.090426
2024.01.26,600006.SH,-0.355014
2024.01.26,600011.SH,-1.323623
2024.01.26,000007.SZ,-0.364966
2024.01.26,000025.SZ,-0.103515
2024.01.26,000008.SZ,-0.001835
2024.01.26,000004.SZ,0.856331
2024.01.26,600019.SH,0.536538
2024.01.26,000021.SZ,-0.227835
2024.01.26,600014.SH,0.254857
2024.01.26,000005.SZ,-1.329288
2024.01.26,000020.SZ,0.61603
2024.01.26,600016.SH,-0.245199
2024.01.26,000001.SZ,0.096572
2024.01.29,600009.SH,0.648215
2024.01.29,000018.SZ,0.168634
2024.01.29,600013.SH,0.163241
2024.01.29,600016.SH,1.064059
2024.01.29,000010.SZ,-0.132844
2024.01.29,600000.SH,-0.963469
2024.01.29,000009.SZ,0.023947
2024.01.29,600017.SH,0.786565
2024.01.29,600003.SH,0.440335
2024.01.29,000011.SZ,0.678238
2024.01.29,000015.SZ,0.361119
2024.01.29,000016.SZ,-0.084294
2024.01.29,000002.SZ,-0.427039
2024.01.29,000008.SZ,-0.356247
2024.01.29,600006.SH,-0.165958
2024.01.29,600019.SH,0.45211
2024.01.29,600011.SH,0.094877
2024.01.29,000021.SZ,-0.764518
2024.01.29,000001.SZ,0.295182
2024.01.29,600022.SH,0.746448
2024.01.29,000017.SZ,-0.653928
2024.01.29,600008.SH,0.409968
2024.01.29,000012.SZ,-0.920407
2024.01.29,600004.SH,-0.302777
2024.01.29,600023.SH,-0.506758
2024.01.29,600015.SH,0.477432
2024.01.29,600001.SH,0.967393
2024.01.29,600005.SH,0.666157
2024.01.29,000005.SZ,0.649226
2024.01.29,000019.SZ,-0.330603
2024.01.29,000020.SZ,0.426541
2024.01.29,600012.SH,0.254851
2024.01.29,600021.SH,-0.452629
2024.01.29,600024.SH,0.673115
2024.01.29,600007.SH,0.351969
2024.01.29,600020.SH,0.025688
2024.01.29,600018.SH,0.545719
2024.01.29,000022.SZ,0.209074
2024.01.29,000013.SZ,0.735699
2024.01.29,600010.SH,1.079111
2024.01.29,000023.SZ,-0.004473
2024.01.29,600002.SH,-0.009987
2024.01.29,000003.SZ,-0.110287
2024.01.29,000025.SZ,0.143798
2024.01.30,000018.SZ,-1.050417
2024.01.30,600001.SH,0.436406
2024.01.30,000021.SZ,0.306257
2024.01.30,000006.SZ,0.320649
2024.01.30,000023.SZ,-0.672608
2024.01.30,000020.SZ,-0.120885
2024.01.30,600013.SH,0.977068
2024.01.30,600000.SH,-0.467519
2024.01.30,600008.SH,0.333606
2024.01.30,000025.SZ,-0.28369
2024.01.30,000001.SZ,0.298158
2024.01.30,000008.SZ,-0.055064
2024.01.30,600007.SH,0.647666
2024.01.30,600015.SH,0.065047
2024.01.30,600017.SH,0.541769
2024.01.30,000012.SZ,1.100047
2024.01.30,600011.SH,0.537463
2024.01.30,600003.SH,0.332703
2024.01.30,600009.SH,0.623072
2024.01.30,600002.SH,0.325738
2024.01.30,600021.SH,-0.259579
2024.01.30,600022.SH,-0.378524
2024.01.30,600016.SH,0.38949
2024.01.30,000003.SZ,-0.268234
2024.01.30,000004.SZ,-0.316749
2024.01.30,600004.SH,-0.050885
2024.01.30,000002.SZ,-0.818638
2024.01.30,000016.SZ,-0.282525
2024.01.30,600012.SH,-0.323373
2024.01.30,600018.SH,1.275399
2024.01.30,600024.SH,0.419974
2024.01.30,000017.SZ,-0.16626
2024.01.30,000015.SZ,-0.339019
2024.01.30,000007.SZ,-1.174553
2024.01.30,000019.SZ,-0.687912
2024.01.30,000009.SZ,-0.78564
2024.01.30,000022.SZ,-0.443927
2024.01.30,600010.SH,0.039242
2024.01.30,600014.SH,-0.049503
2024.01.30,000013.SZ,-0.402063
2024.01.30,000010.SZ,0.018966
2024.01.30,000024.SZ,-0.672156
2024.01.31,600014.SH,0.432003
2024.01.31,600017.SH,0.049901
2024.01.31,600018.SH,0.365627
2024.01.31,000021.SZ,0.468963
2024.01.31,000010.SZ,-0.349617
2024.01.31,600020.SH,0.569564
2024.01.31,000018.SZ,-0.216839
2024.01.31,600021.SH,-0.03203
2024.01.31,600005.SH,-0.166643
2024.01.31,600009.SH,-0.518176
2024.01.31,600016.SH,0.834878
2024.01.31,600024.SH,0.074027
2024.01.31,600022.SH,0.593678
2024.01.31,000012.SZ,0.572374
2024.01.31,600008.SH,-0.433952
2024.01.31,600000.SH,0.658082
2024.01.31,000013.SZ,0.301725
2024.01.31,000009.SZ,-0.470433
2024.01.31,600023.SH,0.274444
2024.01.31,000020.SZ,-0.461466
2024.01.31,000024.SZ,0.853248
2024.01.31,600011.SH,0.456912
2024.01.31,000007.SZ,0.014444
2024.01.31,600006.SH,0.68242
2024.01.31,000004.SZ,-0.740975
2024.01.31,000023.SZ,-0.324652
2024.01.31,000019.SZ,-0.076192
2024.01.31,000025.SZ,1.167861
2024.01.31,000022.SZ,-0.485223
2024.01.31,000015.SZ,-0.803635
2024.01.31,600002.SH,-0.672174
2024.01.31,000017.SZ,0.503126
2024.01.31,600010.SH,-0.247078
2024.01.31,600007.SH,-0.029525
2024.01.31,000001.SZ,0.431435
2024.01.31,600012.SH,-0.029024
2024.01.31,000016.SZ,0.152092
2024.01.31,600001.SH,0.317626
2024.01.31,600019.SH,-0.16532
2024.01.31,600015.SH,-0.03314
2024.01.31,600013.SH,0.170996
2024.01.31,000008.SZ,0.484108
2024.01.31,000006.SZ,-0.346166
2024.01.31,000005.SZ,-1.46027
2024.01.31,600003.SH,0.38981
2024.01.31,000014.SZ,0.513876
2024.01.31,000002.SZ,0.150035
2024.01.31,000003.SZ,0.184165
2024.01.31,600004.SH,-0.232137
2024.02.01,000014.SZ,0.440149
2024.02.01,600011.SH,-0.419769
2024.02.01,600024.SH,-0.099091
2024.02.01,000019.SZ,0.642599
2024.02.01,000018.SZ,0.235623
2024.02.01,000012.SZ,-0.305536
2024.02.01,600012.SH,-0.092806
2024.02.01,000002.SZ,-0.748817
2024.02.01,600016.SH,0.588168
2024.02.01,000025.SZ,-0.037397
2024.02.01,000009.SZ,0.885062
2024.02.01,600009.SH,-0.899421
2024.02.01,600001.SH,-0.472187
2024.02.01,000021.SZ,-0.012838
2024.02.01,000008.SZ,1.144241
2024.02.01,000003.SZ,0.052404
2024.02.01,600004.SH,-0.366334
2024.02.01,600003.SH,0.022453
2024.02.01,600008.SH,-0.324346
2024.02.01,000024.SZ,0.486724
2024.02.01,600013.SH,0.444238
2024.02.01,600010.SH,0.818691
2024.02.01,000015.SZ,-0.807511
2024.02.01,000013.SZ,-0.888967
2024.02.01,600014.SH,-0.102893
2024.02.01,600006.SH,0.421475
2024.02.01,600019.SH,0.525883
2024.02.01,000005.SZ,0.1336
2024.02.01,000022.SZ,0.420586
2024.02.01,600021.SH,0.771059
2024.02.01,600005.SH,-0.380316
2024.02.01,000001.SZ,0.747117
2024.02.01,000023.SZ,0.762352
2024.02.01,600022.SH,-0.262415
2024.02.01,000020.SZ,-0.46101
2024.02.01,000004.SZ,0.392487
2024.02.01,600017.SH,1.008896
2024.02.01,000016.SZ,-0.408665
2024.02.01,600018.SH,0.973727
2024.02.01,000006.SZ,-0.466672
2024.02.01,600000.SH,-0.096414
2024.02.01,000010.SZ,-0.551163
2024.02.01,600015.SH,0.228941
2024.02.02,000005.SZ,-0.125636
2024.02.02,600015.SH,-0.104373
2024.02.02,600022.SH,-1.183579
2024.02.02,600024.SH,0.232025
2024.02.02,600008.SH,0.255546
2024.02.02,600004.SH,0.610028
2024.02.02,600014.SH,0.136416
2024.02.02,600021.SH,-0.335506
2024.02.02,000008.SZ,-0.657635
2024.02.02,000019.SZ,-0.557041
2024.02.02,000003.SZ,-0.194882
2024.02.02,000024.SZ,-0.57389
2024.02.02,000013.SZ,-0.534682
2024.02.02,600017.SH,-0.169358
2024.02.02,000017.SZ,-0.956274
2024.02.02,600011.SH,-0.645853
2024.02.02,000007.SZ,-0.041254
2024.02.02,600018.SH,-0.017221
2024.02.02,600003.SH,0.28197
2024.02.02,000015.SZ,-0.072997
2024.02.02,000009.SZ,-0.135009
2024.02.02,600000.SH,0.168044
2024.02.02,600016.SH,-0.05532
2024.02.02,000002.SZ,-0.636524
2024.02.02,600005.SH,-0.550249
2024.02.02,000021.SZ,0.687817
2024.02.02,600012.SH,1.45802
2024.02.02,600009.SH,0.217579
2024.02.02,000023.SZ,-0.654678
2024.02.02,000004.SZ,0.799011
2024.02.02,000020.SZ,-0.365589
2024.02.02,000018.SZ,0.061982
2024.02.02,000025.SZ,-0.160672
2024.02.02,600020.SH,-0.057481
2024.02.02,000016.SZ,-0.370613
2024.02.02,600007.SH,0.498471
2024.02.02,000010.SZ,-0.242696
2024.02.02,000001.SZ,0.155878
2024.02.02,600001.SH,0.145067
2024.02.02,000012.SZ,-0.205686
2024.02.05,000023.SZ,0.961145
2024.02.05,600021.SH,0.028087
2024.02.05,000008.SZ,-0.473795
2024.02.05,600016.SH,-0.612274
2024.02.05,000011.SZ,-0.333966
2024.02.05,600001.SH,0.07195
2024.02.05,600024.SH,0.313554
2024.02.05,600013.SH,0.06655
2024.02.05,600004.SH,-0.402662
2024.02.05,000004.SZ,-0.696708
2024.02.05,000003.SZ,0.28517
2024.02.05,600010.SH,-0.318081
2024.02.05,600005.SH,-0.276681
2024.02.05,000021.SZ,-0.549745
2024.02.05,000007.SZ,-0.819807
2024.02.05,600002.SH,0.779726
2024.02.05,600011.SH,-0.372047
2024.02.05,600006.SH,-1.024925
2024.02.05,600017.SH,0.038726
2024.02.05,000018.SZ,-0.116871
2024.02.05,000025.SZ,-0.979123
2024.02.05,000006.SZ,0.527667
2024.02.05,000020.SZ,0.28842
2024.02.05,600008.SH,0.378515
2024.02.05,000022.SZ,0.091163
2024.02.05,000024.SZ,-0.694479
2024.02.05,600009.SH,-0.073858
2024.02.05,600020.SH,-0.283147
2024.02.05,600018.SH,-0.3678
2024.02.05,600019.SH,0.775454
2024.02.05,600015.SH,-0.538376
2024.02.05,000009.SZ,-0.274314
2024.02.05,600003.SH,-0.023869
2024.02.05,000014.SZ,0.154193
2024.02.05,000002.SZ,0.803405
2024.02.05,000005.SZ,-0.124497
2024.02.05,600022.SH,0.102718
2024.02.05,000019.SZ,-0.644886
2024.02.05,000012.SZ,0.245016
2024.02.05,600000.SH,0.924989
2024.02.06,600018.SH,0.310646
2024.02.06,000001.SZ,-0.174247
2024.02.06,600022.SH,-0.27843
2024.02.06,600024.SH,0.052041
2024.02.06,000013.SZ,0.002597
2024.02.06,600014.SH,0.286108
2024.02.06,000024.SZ,0.327355
2024.02.06,600011.SH,0.135512
2024.02.06,600023.SH,0.377971
2024.02.06,000016.SZ,-0.430449
2024.02.06,600019.SH,-0.150594
2024.02.06,600015.SH,-0.029211
2024.02.06,000002.SZ,-0.047055
2024.02.06,000018.SZ,1.449257
2024.02.06,000023.SZ,0.45802
2024.02.06,600017.SH,0.439343
2024.02.06,600008.SH,-0.234551
2024.02.06,000021.SZ,-0.124213
2024.02.06,600020.SH,0.29178
2024.02.06,600009.SH,0.660609
2024.02.06,000006.SZ,-0.517895
2024.02.06,000020.SZ,-0.327256
2024.02.06,600007.SH,-0.190158
2024.02.06,000019.SZ,0.038931
2024.02.06,600012.SH,0.295501
2024.02.06,600013.SH,0.267501
2024.02.06,600004.SH,0.136176
2024.02.06,000022.SZ,-0.470936
2024.02.06,000003.SZ,-0.176432
2024.02.06,000009.SZ,-0.759523
2024.02.06,000007.SZ,0.398501
2024.02.06,000017.SZ,-0.073871
2024.02.06,600001.SH,-0.672944
2024.02.06,000010.SZ,1.085754
2024.02.06,000011.SZ,-1.364722
2024.02.06,600006.SH,-0.122222
2024.02.06,000025.SZ,0.566364
2024.02.06,600002.SH,-0.333472
2024.02.06,000004.SZ,-0.008138
2024.02.06,600003.SH,0.148491
2024.02.06,600000.SH,-1.234521
2024.02.06,600005.SH,-0.635777
2024.02.06,000008.SZ,-0.121078
2024.02.06,600016.SH,-0.131873
2024.02.06,000012.SZ,-0.764067
2024.02.06,000015.SZ,-0.100834
2024.02.06,000014.SZ,0.176773
2024.02.06,600021.SH,0.554101
2024.02.06,000005.SZ,0.013269
2024.02.07,000012.SZ,0.26882
2024.02.07,600012.SH,0.360617
2024.02.07,000014.SZ,0.125209
2024.02.07,600009.SH,-0.132969
2024.02.07,600008.SH,-0.026744
2024.02.07,600015.SH,0.712072
2024.02.07,000011.SZ,0.526853
2024.02.07,000015.SZ,0.958794
2024.02.07,600006.SH,0.093622
2024.02.07,600010.SH,-0.455668
2024.02.07,600000.SH,-0.237458
2024.02.07,000021.SZ,-0.611089
2024.02.07,000009.SZ,0.366323
2024.02.07,000007.SZ,-0.310158
2024.02.07,600021.SH,-1.544858
2024.02.07,600013.SH,1.214688
2024.02.07,000006.SZ,-0.3025
2024.02.07,600023.SH,-0.305495
2024.02.07,600022.SH,0.818606
2024.02.07,000001.SZ,-0.621325
2024.02.07,000017.SZ,0.551103
2024.02.07,000013.SZ,-0.310921
2024.02.07,000018.SZ,-0.679097
2024.02.07,600016.SH,0.835659
2024.02.07,600024.SH,0.444349
2024.02.07,600007.SH,0.442801
2024.02.07,600003.SH,0.166628
2024.02.07,000019.SZ,0.282351
2024.02.07,000020.SZ,-0.633279
2024.02.07,000023.SZ,0.038606
2024.02.07,600002.SH,-0.481581
2024.02.07,000002.SZ,-0.71167
2024.02.07,600019.SH,0.188277
2024.02.07,600011.SH,0.561875
2024.02.07,600018.SH,-0.208884
2024.02.07,000008.SZ,-0.123206
2024.02.07,600014.SH,-0.586275
2024.02.07,000004.SZ,-0.013591
2024.02.07,600004.SH,0.362839
2024.02.07,000016.SZ,0.378564
2024.02.07,000003.SZ,0.255389
2024.02.07,000025.SZ,-0.326415
2024.02.07,000022.SZ,-0.342264
2024.02.07,000024.SZ,0.380503
2024.02.07,600001.SH,0.3888
2024.02.08,000015.SZ,-0.246649
2024.02.08,600021.SH,-0.56783
2024.02.08,000004.SZ,0.474784
2024.02.08,600011.SH,0.271596
2024.02.08,000006.SZ,-0.326619
2024.02.08,600007.SH,0.542815
2024.02.08,600008.SH,-0.525751
2024.02.08,600016.SH,0.17788
2024.02.08,600006.SH,-0.879915
2024.02.08,600022.SH,-0.228203
2024.02.08,000005.SZ,-0.45467
2024.02.08,600019.SH,-0.663198
2024.02.08,600009.SH,-0.021307
2024.02.08,600000.SH,0.132464
2024.02.08,600012.SH,0.273834
2024.02.08,000014.SZ,-0.032723
2024.02.08,000007.SZ,0.181868
2024.02.08,000019.SZ,-0.59512
2024.02.08,600001.SH,-0.473694
2024.02.08,000016.SZ,-0.042472
2024.02.08,000023.SZ,-0.471616
2024.02.08,600018.SH,-0.030791
2024.02.08,000001.SZ,-0.358567
2024.02.08,000002.SZ,-0.112827
2024.02.08,000025.SZ,-0.865786
2024.02.08,000013.SZ,-0.889638
2024.02.08,600005.SH,-0.392077
2024.02.08,000011.SZ,-0.696944
2024.02.08,000017.SZ,-1.345752
2024.02.08,000021.SZ,0.207723
2024.02.08,000010.SZ,0.452102
2024.02.08,000024.SZ,0.404035
2024.02.08,600002.SH,-0.105744
2024.02.08,000012.SZ,-0.115916
2024.02.08,600004.SH,0.016076
2024.02.08,600014.SH,-0.360877
2024.02.08,000009.SZ,-0.95486
2024.02.08,600020.SH,0.560174
2024.02.08,000003.SZ,-0.026389
2024.02.08,000008.SZ,-0.05712
2024.02.08,600017.SH,-0.191909
2024.02.08,600015.SH,0.263255
2024.02.08,600010.SH,-0.092599
2024.02.08,000022.SZ,-0.278255
2024.02.09,600018.SH,-0.975026
2024.02.09,000007.SZ,-1.277854
2024.02.09,000018.SZ,-0.70131
2024.02.09,000009.SZ,-0.734233
2024.02.09,000002.SZ,-0.398453
2024.02.09,600007.SH,-0.869796
2024.02.09,600023.SH,0.114409
2024.02.09,000017.SZ,-0.216221
2024.02.09,000020.SZ,-0.019263
2024.02.09,000008.SZ,0.283336
2024.02.09,000024.SZ,-0.099914
2024.02.09,600000.SH,-0.343396
2024.02.09,600006.SH,-0.642129
2024.02.09,000003.SZ,0.2173
2024.02.09,000019.SZ,-0.096232
2024.02.09,000014.SZ,-0.122069
2024.02.09,000013.SZ,-0.534078
2024.02.09,600020.SH,-0.081346
2024.02.09,600004.SH,-0.62227
2024.02.09,600009.SH,-0.076453
2024.02.09,000001.SZ,-0.363852
2024.02.09,000005.SZ,0.126319
2024.02.09,000004.SZ,-0.8957
2024.02.09,000015.SZ,-0.207672
2024.02.09,600024.SH,0.119948
2024.02.09,600017.SH,-0.194173
2024.02.09,000012.SZ,-0.94262
2024.02.09,600011.SH,-0.603726
2024.02.09,600003.SH,0.402158
2024.02.09,600013.SH,-0.266845
2024.02.09,600002.SH,-0.641102
2024.02.09,600010.SH,0.395661
2024.02.09,600001.SH,0.543377
2024.02.09,600005.SH,-0.820836
2024.02.09,600022.SH,-0.482946
2024.02.09,000025.SZ,-0.403643
2024.02.09,600021.SH,0.035146
2024.02.09,000011.SZ,-0.321642
2024.02.09,600015.SH,-0.170243
2024.02.09,000021.SZ,-0.304476
2024.02.09,000010.SZ,0.868488
2024.02.09,000016.SZ,0.0553
2024.02.09,600012.SH,-0.378262
2024.02.09,600016.SH,-0.370384
2024.02.09,600008.SH,0.005113
2024.02.09,000023.SZ,-0.709033
2024.02.09,600014.SH,-0.096392
2024.02.09,600019.SH,-0.151819
2024.02.09,000006.SZ,-0.663767
2024.02.12,000020.SZ,0.113108
2024.02.12,600013.SH,-0.09993
2024.02.12,600016.SH,-0.060325
2024.02.12,000024.SZ,-0.313809
2024.02.12,000014.SZ,0.456291
2024.02.12,600006.SH,0.529481
2024.02.12,000018.SZ,0.880363
2024.02.12,600015.SH,0.954106
2024.02.12,000006.SZ,-1.016976
2024.02.12,600001.SH,0.276272
2024.02.12,600024.SH,-0.620603
2024.02.12,000025.SZ,0.614874
2024.02.12,600011.SH,0.132937
2024.02.12,000005.SZ,-0.393472
2024.02.12,000011.SZ,-0.596529
2024.02.12,600008.SH,-0.355799
2024.02.12,600023.SH,-0.430787
2024.02.12,600002.SH,0.636546
2024.02.12,600019.SH,0.00724
2024.02.12,600012.SH,-0.526154
2024.02.12,600017.SH,0.183787
2024.02.12,600021.SH,0.174802
2024.02.12,000001.SZ,-0.091958
2024.02.12,600014.SH,0.598855
2024.02.12,000004.SZ,0.270937
2024.02.12,600020.SH,0.231085
2024.02.12,000023.SZ,-0.935708
2024.02.12,000017.SZ,-0.181255
2024.02.12,600007.SH,0.3195
2024.02.12,600022.SH,0.177338
2024.02.12,600005.SH,0.035078
2024.02.12,600018.SH,0.338439
2024.02.12,600004.SH,0.219851
2024.02.12,000021.SZ,0.397419
2024.02.12,000002.SZ,0.191831
2024.02.12,000015.SZ,0.375634
2024.02.12,000016.SZ,0.350485
2024.02.12,000022.SZ,-0.006335
2024.02.12,000019.SZ,0.020005
2024.02.12,600009.SH,0.074319
2024.02.12,000013.SZ,-0.586598
2024.02.12,000008.SZ,-0.736859
2024.02.12,600000.SH,0.287389
2024.02.12,000007.SZ,0.314203
2024.02.12,600003.SH,0.022754
2024.02.13,600005.SH,-0.513783
2024.02.13,000006.SZ,0.336049
2024.02.13,600008.SH,-0.953419
2024.02.13,000018.SZ,0.063696
2024.02.13,000004.SZ,0.278238
2024.02.13,600013.SH,-0.026787
2024.02.13,600024.SH,0.565095
2024.02.13,000024.SZ,-0.666797
2024.02.13,600004.SH,-0.332061
2024.02.13,000013.SZ,-0.146534
2024.02.13,600022.SH,0.374846
2024.02.13,600017.SH,0.127737
2024.02.13,000011.SZ,1.090166
2024.02.13,000021.SZ,-0.38441
2024.02.13,000015.SZ,-0.679011
2024.02.13,000016.SZ,0.913028
2024.02.13,600020.SH,-0.696946
2024.02.13,000007.SZ,0.360015
2024.02.13,000001.SZ,-0.470852
2024.02.13,000020.SZ,-1.016176
2024.02.13,600000.SH,-0.168909
2024.02.13,000009.SZ,0.468233
2024.02.13,600019.SH,-0.592402
2024.02.13,600007.SH,0.306531
2024.02.13,000025.SZ,0.399915
2024.02.13,000022.SZ,-0.617362
2024.02.13,000005.SZ,-0.095397
2024.02.13,000012.SZ,0.807021
2024.02.13,000002.SZ,0.34378
2024.02.13,600001.SH,-0.112263
2024.02.13,000014.SZ,0.226131
2024.02.13,600010.SH,-0.324148
2024.02.13,600003.SH,0.575331
2024.02.13,000003.SZ,0.575113
2024.02.13,600018.SH,0.078936
2024.02.13,000017.SZ,0.133836
2024.02.13,000010.SZ,-0.480915
2024.02.13,600021.SH,-0.657535
2024.02.13,600016.SH,-0.169819
2024.02.13,600014.SH,-0.025218
2024.02.13,000023.SZ,0.549797
2024.02.13,600015.SH,0.479697
2024.02.14,000025.SZ,0.609993
2024.02.14,000008.SZ,-0.196234
2024.02.14,000006.SZ,0.604074
2024.02.14,000013.SZ,0.317008
2024.02.14,600001.SH,-0.731178
2024.02.14,000004.SZ,0.195786
2024.02.14,000022.SZ,0.318796
2024.02.14,600000.SH,0.831042
2024.02.14,600010.SH,-0.074984
2024.02.14,600003.SH,0.294199
2024.02.14,000011.SZ,0.143549
2024.02.14,600018.SH,-0.266384
2024.02.14,600022.SH,-0.15987
2024.02.14,000024.SZ,-1.081694
2024.02.14,000003.SZ,-0.221648
2024.02.14,600006.SH,0.80029
2024.02.14,000005.SZ,-0.071526
2024.02.14,600012.SH,0.437
2024.02.14,600016.SH,0.128633
2024.02.14,000021.SZ,0.226942
2024.02.14,000012.SZ,1.011891
2024.02.14,600019.SH,-0.189532
2024.02.14,000001.SZ,-0.192994
2024.02.14,000009.SZ,0.558374
2024.02.14,600020.SH,-0.025532
2024.02.14,000002.SZ,-0.121576
2024.02.14,600005.SH,0.491601
2024.02.14,000014.SZ,0.144002
2024.02.14,000020.SZ,-0.060909
2024.02.14,000019.SZ,-0.156123
2024.02.14,600021.SH,-0.406812
2024.02.14,600023.SH,-0.759295
2024.02.14,600017.SH,0.570468
2024.02.14,600008.SH,-0.197383
2024.02.14,600015.SH,-0.837093
2024.02.14,600002.SH,0.906359
2024.02.14,000016.SZ,0.058059
2024.02.14,000010.SZ,0.025899
2024.02.14,000007.SZ,-0.77896
2024.02.14,600011.SH,0.30526
2024.02.14,000023.SZ,-0.250831
2024.02.14,600004.SH,-0.249698
2024.02.14,000018.SZ,0.221628
2024.02.14,600024.SH,0.075095
2024.02.14,600014.SH,-0.471342
2024.02.14,600007.SH,-0.697427
2024.02.14,600009.SH,0.097402
2024.02.14,000017.SZ,0.05402
2024.02.14,000015.SZ,1.317735
2024.02.14,600013.SH,-1.109228
2024.02.15,000020.SZ,-0.69502
2024.02.15,000022.SZ,0.015236
2024.02.15,600022.SH,-0.720572
2024.02.15,600017.SH,-0.117755
2024.02.15,600007.SH,-1.02909
2024.02.15,000002.SZ,-0.750855
2024.02.15,600009.SH,0.16724
2024.02.15,600015.SH,0.455364
2024.02.15,600019.SH,0.270029
2024.02.15,600003.SH,0.193251
2024.02.15,600023.SH,0.555129
2024.02.15,000012.SZ,0.297132
2024.02.15,000019.SZ,-0.951076
2024.02.15,000015.SZ,0.29099
2024.02.15,000005.SZ,0.283087
2024.02.15,600016.SH,-1.122185
2024.02.15,600001.SH,-0.522304
2024.02.15,600011.SH,0.603846
2024.02.15,000010.SZ,-0.250445
2024.02.15,000007.SZ,-0.756049
2024.02.15,600005.SH,0.246129
2024.02.15,600006.SH,-0.323438
2024.02.15,000001.SZ,-0.378825
2024.02.15,600010.SH,0.251176
2024.02.15,000009.SZ,0.016228
2024.02.15,000017.SZ,-0.244699
2024.02.15,600021.SH,-0.020192
2024.02.15,600013.SH,-0.2731
2024.02.15,000008.SZ,0.271287
2024.02.15,000011.SZ,-0.894294
2024.02.15,600018.SH,-0.281924
2024.02.15,000023.SZ,-0.392422
2024.02.15,600004.SH,-0.032855
2024.02.15,000024.SZ,-0.749009
2024.02.15,000025.SZ,0.564257
2024.02.15,600014.SH,-0.556564
2024.02.15,000018.SZ,0.343723
2024.02.15,000006.SZ,0.116924
2024.02.15,600000.SH,-0.078297
2024.02.15,600012.SH,-0.062452
2024.02.16,000020.SZ,-0.130273
2024.02.16,600015.SH,0.383501
2024.02.16,600005.SH,0.213047
2024.02.16,000007.SZ,-0.289132
2024.02.16,000021.SZ,0.593371
2024.02.16,600023.SH,-0.37022
2024.02.16,000016.SZ,0.643254
2024.02.16,000011.SZ,0.288382
2024.02.16,600003.SH,-0.176041
2024.02.16,000003.SZ,1.184569
2024.02.16,600016.SH,0.577838
2024.02.16,600019.SH,0.401127
2024.02.16,600013.SH,0.173479
2024.02.16,600017.SH,-0.450063
2024.02.16,000006.SZ,0.140719
2024.02.16,600000.SH,0.923923
2024.02.16,600002.SH,-0.566967
2024.02.16,000023.SZ,0.405451
2024.02.16,000004.SZ,0.818963
2024.02.16,600022.SH,0.843974
2024.02.16,600011.SH,-0.328234
2024.02.16,600010.SH,-0.150642
2024.02.16,000008.SZ,0.172272
2024.02.16,000019.SZ,0.348734
2024.02.16,600021.SH,0.762673
2024.02.16,000022.SZ,0.021241
2024.02.16,600004.SH,0.594629
2024.02.16,000005.SZ,-1.160183
2024.02.16,000014.SZ,-0.011185
2024.02.16,600024.SH,0.594155
2024.02.16,000002.SZ,0.538559
2024.02.16,600018.SH,-0.357319
2024.02.16,000001.SZ,0.635062
2024.02.16,000010.SZ,-0.588291
2024.02.16,000009.SZ,0.720033
2024.02.16,000013.SZ,0.019643
2024.02.16,600012.SH,-0.103856
2024.02.16,600009.SH,-0.027222
2024.02.16,000017.SZ,0.31133
2024.02.16,600006.SH,1.161997
2024.02.19,600019.SH,-0.079464
2024.02.19,600010.SH,0.063457
2024.02.19,600023.SH,0.033972
2024.02.19,000024.SZ,0.68177
2024.02.19,600021.SH,-0.031037
2024.02.19,000012.SZ,-0.653813
2024.02.19,000015.SZ,0.120992
2024.02.19,600007.SH,0.188475
2024.02.19,000020.SZ,-0.587904
2024.02.19,600009.SH,-0.608355
2024.02.19,000002.SZ,0.298495
2024.02.19,600008.SH,-0.443445
2024.02.19,600004.SH,-0.383718
2024.02.19,600003.SH,-0.407662
2024.02.19,000016.SZ,-0.054362
2024.02.19,000021.SZ,0.374689
2024.02.19,000008.SZ,0.157391
2024.02.19,000009.SZ,-0.408059
2024.02.19,000019.SZ,0.492106
2024.02.19,600022.SH,0.257786
2024.02.19,600015.SH,0.319305
2024.02.19,600024.SH,0.303037
2024.02.19,000007.SZ,-0.434221
2024.02.19,600014.SH,-0.636854
2024.02.19,000014.SZ,-0.346138
2024.02.19,600018.SH,0.318375
2024.02.19,600002.SH,-0.766864
2024.02.19,000025.SZ,-0.83448
2024.02.19,000006.SZ,-1.083817
2024.02.19,600001.SH,-0.804973
2024.02.19,600016.SH,-0.571471
2024.02.19,000017.SZ,-0.114679
2024.02.19,000001.SZ,-0.752664
2024.02.19,600020.SH,0.154047
2024.02.19,600011.SH,-0.154392
2024.02.19,000023.SZ,-1.198362
2024.02.19,000018.SZ,-0.186189
2024.02.19,600013.SH,-0.106161
2024.02.19,000010.SZ,0.781325
2024.02.19,600006.SH,-0.055911
2024.02.20,600022.SH,0.146613
2024.02.20,000011.SZ,0.251333
2024.02.20,000023.SZ,-0.735872
2024.02.20,600019.SH,-0.073606
2024.02.20,600010.SH,0.521956
2024.02.20,600020.SH,-0.591018
2024.02.20,000007.SZ,0.118256
2024.02.20,600001.SH,-0.283883
2024.02.20,000002.SZ,-0.17003
2024.02.20,600015.SH,0.859393
2024.02.20,000022.SZ,-0.793428
2024.02.20,600017.SH,0.414632
2024.02.20,000015.SZ,-0.207148
2024.02.20,600012.SH,-0.232016
2024.02.20,600014.SH,-0.523965
2024.02.20,000001.SZ,0.408766
2024.02.20,000003.SZ,-0.063886
2024.02.20,000008.SZ,-0.127018
2024.02.20,000025.SZ,0.086735
2024.02.20,000014.SZ,-0.053327
2024.02.20,000009.SZ,-0.968528
2024.02.20,600016.SH,-0.213596
2024.02.20,000019.SZ,0.479537
2024.02.20,000016.SZ,-0.721492
2024.02.20,600005.SH,-0.513153
2024.02.20,000013.SZ,-0.181579
2024.02.20,600023.SH,-0.330995
2024.02.20,000024.SZ,0.017874
2024.02.20,000012.SZ,-0.514722
2024.02.20,600021.SH,-0.162111
2024.02.20,600018.SH,0.007819
2024.02.20,600008.SH,0.356287
2024.02.20,600009.SH,0.654211
2024.02.20,000010.SZ,-0.098957
2024.02.20,000006.SZ,0.975847
2024.02.20,000005.SZ,-0.060136
2024.02.20,600004.SH,0.446254
2024.02.20,000020.SZ,0.99757
2024.02.20,600003.SH,0.101471
2024.02.20,000017.SZ,-0.654947
2024.02.20,600024.SH,0.077268
2024.02.20,600007.SH,-0.274005
2024.02.20,600013.SH,-0.1054
2024.02.20,600006.SH,1.024305
2024.02.20,000018.SZ,-0.579565
2024.02.20,600002.SH,0.18205
2024.02.20,000021.SZ,-0.407044
2024.02.20,600011.SH,-0.122013
2024.02.20,000004.SZ,0.404238
2024.02.21,600019.SH,-0.137651
2024.02.21,000004.SZ,-1.110697
2024.02.21,600006.SH,0.024287
2024.02.21,600003.SH,0.4019
2024.02.21,600020.SH,0.114573
2024.02.21,600024.SH,0.44392
2024.02.21,000001.SZ,0.957279
2024.02.21,600021.SH,-0.096904
2024.02.21,000020.SZ,1.37869
2024.02.21,000015.SZ,0.0812
2024.02.21,600014.SH,0.449448
2024.02.21,600009.SH,-0.330666
2024.02.21,000021.SZ,0.784522
2024.02.21,600015.SH,0.49572
2024.02.21,000006.SZ,0.710591
2024.02.21,000022.SZ,0.002117
2024.02.21,600000.SH,-0.652844
2024.02.21,600013.SH,0.205064
2024.02.21,600005.SH,-0.873645
2024.02.21,000010.SZ,-0.193228
2024.02.21,600012.SH,0.070405
2024.02.21,600007.SH,1.163477
2024.02.21,000019.SZ,0.134139
2024.02.21,600017.SH,0.044634
2024.02.21,000007.SZ,-0.056651
2024.02.21,000025.SZ,-0.69618
2024.02.21,000005.SZ,0.017778
2024.02.21,600018.SH,0.026306
2024.02.21,600001.SH,-0.509439
2024.02.21,000002.SZ,-0.618508
2024.02.21,000023.SZ,-0.26592
2024.02.21,600023.SH,0.007332
2024.02.21,600011.SH,-0.253912
2024.02.21,000018.SZ,-0.550573
2024.02.21,000008.SZ,0.119501
2024.02.21,000003.SZ,0.244298
2024.02.21,600004.SH,0.035514
2024.02.21,000009.SZ,-0.306626
2024.02.21,600022.SH,0.272286
2024.02.21,000024.SZ,-0.120404
2024.02.21,600002.SH,-0.619677
2024.02.21,600016.SH,0.492987
2024.02.21,000014.SZ,0.151619
2024.02.21,000011.SZ,-0.08478
2024.02.21,000013.SZ,-0.810661
2024.02.21,000016.SZ,-0.397565
2024.02.21,000012.SZ,0.984148
2024.02.21,000017.SZ,-0.779306
2024.02.22,000001.SZ,0.841151
2024.02.22,600014.SH,0.300061
2024.02.22,600018.SH,0.667987
2024.02.22,000015.SZ,0.350864
2024.02.22,000019.SZ,-0.471575
2024.02.22,600011.SH,0.556209
2024.02.22,000016.SZ,0.283187
2024.02.22,600019.SH,-0.420977
2024.02.22,000004.SZ,-0.194853
2024.02.22,000022.SZ,0.295382
2024.02.22,000009.SZ,1.287793
2024.02.22,000025.SZ,0.989005
2024.02.22,000017.SZ,-0.910726
2024.02.22,600017.SH,0.089549
2024.02.22,600020.SH,0.833462
2024.02.22,000003.SZ,-0.112683
2024.02.22,000018.SZ,-0.163482
2024.02.22,000008.SZ,-0.1802
2024.02.22,000002.SZ,0.511558
2024.02.22,600005.SH,0.281383
2024.02.22,600023.SH,0.355649
2024.02.22,600024.SH,-0.009159
2024.02.22,600008.SH,0.96373
2024.02.22,600013.SH,-0.067558
2024.02.22,600002.SH,0.529089
2024.02.22,000012.SZ,-0.948823
2024.02.22,600015.SH,0.070115
2024.02.22,000023.SZ,-0.145832
2024.02.22,000013.SZ,0.140764
2024.02.22,600016.SH,-0.722773
2024.02.22,600000.SH,0.906726
2024.02.22,600007.SH,0.172567
2024.02.22,000020.SZ,1.213822
2024.02.22,000010.SZ,0.481275
2024.02.22,600022.SH,0.221593
2024.02.22,600006.SH,0.097145
2024.02.22,600010.SH,0.421426
2024.02.22,000024.SZ,0.468186
2024.02.22,600003.SH,0.341408
2024.02.22,600021.SH,1.220723
2024.02.22,000014.SZ,0.667847
2024.02.22,000021.SZ,-0.227238
2024.02.22,600001.SH,-0.307725
2024.02.22,600012.SH,0.310586
2024.02.22,000011.SZ,0.182449
2024.02.22,600004.SH,0.228347
2024.02.22,600009.SH,-0.721971
2024.02.23,600009.SH,-0.624025
2024.02.23,600023.SH,0.370629
2024.02.23,000010.SZ,0.799013
2024.02.23,600000.SH,-0.388397
2024.02.23,000021.SZ,-0.226337
2024.02.23,000008.SZ,-0.023804
2024.02.23,600014.SH,-0.404731
2024.02.23,600002.SH,-1.08463
2024.02.23,000022.SZ,0.499615
2024.02.23,000018.SZ,-0.09745
2024.02.23,000003.SZ,-0.458669
2024.02.23,600019.SH,-0.198345
2024.02.23,600006.SH,-0.334415
2024.02.23,600022.SH,0.119722
2024.02.23,600001.SH,-0.6261
2024.02.23,000002.SZ,-0.365275
2024.02.23,600011.SH,-0.104281
2024.02.23,000011.SZ,-1.160298
2024.02.23,600024.SH,-0.29947
2024.02.23,000006.SZ,-0.520272
2024.02.23,600021.SH,0.127709
2024.02.23,600015.SH,-0.053009
2024.02.23,000001.SZ,0.457701
2024.02.23,600007.SH,-1.183987
2024.02.23,000016.SZ,-0.484972
2024.02.23,600004.SH,-0.078741
2024.02.23,000019.SZ,0.469481
2024.02.23,000013.SZ,-0.729676
2024.02.23,600008.SH,-0.578297
2024.02.23,000012.SZ,0.480796
2024.02.23,000015.SZ,0.975527
2024.02.23,600012.SH,0.676454
2024.02.23,000025.SZ,0.68137
2024.02.23,000014.SZ,0.039044
2024.02.23,000024.SZ,-0.110313
2024.02.23,000004.SZ,0.774364
2024.02.23,600016.SH,-0.339497
2024.02.23,000007.SZ,-0.681687
2024.02.23,600017.SH,-0.034824
2024.02.23,000020.SZ,-0.356856
2024.02.23,600005.SH,-0.560714
2024.02.23,600010.SH,0.248799
2024.02.23,000023.SZ,-0.301557
2024.02.23,600003.SH,-0.084243
2024.02.23,000009.SZ,0.094062
2024.02.26,600020.SH,-0.925673
2024.02.26,000018.SZ,-0.050543
2024.02.26,600005.SH,-0.280214
2024.02.26,000022.SZ,-0.098054
2024.02.26,600022.SH,0.479372
2024.02.26,600015.SH,0.059136
2024.02.26,600023.SH,0.325925
2024.02.26,000025.SZ,0.169328
2024.02.26,000021.SZ,-0.211503
2024.02.26,600006.SH,-0.554237
2024.02.26,000004.SZ,0.079023
2024.02.26,000020.SZ,-0.01139
2024.02.26,600018.SH,0.404242
2024.02.26,000007.SZ,-0.128786
2024.02.26,600013.SH,-0.202007
2024.02.26,000015.SZ,-0.168086
2024.02.26,000005.SZ,-0.512699
2024.02.26,000024.SZ,0.670119
2024.02.26,600009.SH,0.516478
2024.02.26,600012.SH,-0.659851
2024.02.26,000013.SZ,0.348638
2024.02.26,000009.SZ,-0.975838
2024.02.26,000011.SZ,0.439309
2024.02.26,000023.SZ,-0.401511
2024.02.26,000012.SZ,0.126614
2024.02.26,000010.SZ,-1.018091
2024.02.26,600019.SH,-0.652688
2024.02.26,000017.SZ,0.181016
2024.02.26,600002.SH,-0.40379
2024.02.26,600017.SH,-0.473317
2024.02.26,600014.SH,0.644595
2024.02.26,600007.SH,1.052144
2024.02.26,000003.SZ,0.415171
2024.02.26,600024.SH,-0.599276
2024.02.26,000014.SZ,0.828424
2024.02.26,000002.SZ,-0.834052
2024.02.26,600010.SH,-0.205582
2024.02.26,000006.SZ,-0.025947
2024.02.26,600004.SH,0.908683
2024.02.26,600001.SH,0.402994
2024.02.26,600021.SH,-0.285215
2024.02.26,600008.SH,-0.525814
2024.02.26,600011.SH,0.44776
